,Register Page,JPEG number,Number,Letter,CertMonth,CertDay,CertYear,First name,Last name,Title,DueMonth,DueDay,DueYear,Dollars,90th,8th,DeliveryMonth,DeliveryDay,DeliveryYear,LS?,LSnote,Notes
0,1.0,111.0,1.0,H,12.0,23.0,1783.0,Abraham,Tuckerman,Capt,1.0,16,1780.0,18.0,77.0,,1.0,27.0,1784.0,1.0,RO,
1,1.0,111.0,2.0,J,2.0,5.0,1784.0,Mary,Spicer,,9.0,15,1781.0,52.0,73.0,6.0,2.0,15.0,1784.0,1.0,RO,
2,1.0,111.0,3.0,L,2.0,18.0,1784.0,Ebenezer,White,,5.0,1,1779.0,119.0,30.0,,2.0,18.0,1784.0,1.0,RO,
3,1.0,111.0,4.0,R,2.0,28.0,1784.0,George,Olney,,9.0,19,1780.0,283.0,38.0,,3.0,10.0,1784.0,1.0,RO,
4,1.0,111.0,5.0,P,3.0,10.0,1784.0,William,Engs,,3.0,12,1782.0,216.0,71.0,2.0,3.0,10.0,1784.0,1.0,RO,
5,1.0,111.0,6.0,N,5.0,19.0,1784.0,James,Wallace,,10.0,31,1780.0,52.0,45.0,,5.0,19.0,1784.0,1.0,LO 65.193,
6,1.0,111.0,7.0,G,5.0,20.0,1784.0,Luaco,Butler,,4.0,16,1782.0,5.0,,,5.0,20.0,1784.0,1.0,662,
7,1.0,111.0,8.0,I,5.0,21.0,1784.0,Jonathan,Marsh,,4.0,16,1782.0,5.0,,,5.0,21.0,1784.0,1.0,RO,
8,1.0,111.0,9.0,L,5.0,21.0,1784.0,Jonathan,Marsh,,4.0,16,1782.0,1.0,22.0,4.0,5.0,21.0,1784.0,1.0,RO,
9,1.0,111.0,10.0,H,5.0,21.0,1784.0,Jonathan,Marsh,,4.0,16,1782.0,1.0,22.0,4.0,5.0,21.0,1784.0,1.0,RO,
10,1.0,111.0,11.0,N,5.0,21.0,1784.0,Jonathan,Marsh,,4.0,16,1782.0,5.0,,,5.0,21.0,1784.0,1.0,RO,
11,1.0,111.0,12.0,R,5.0,21.0,1784.0,Jonathan,Marsh,,4.0,16,1782.0,5.0,,,5.0,21.0,1784.0,1.0,RO,
12,1.0,111.0,13.0,P,5.0,22.0,1784.0,Enoch,Hazard,,4.0,16,1782.0,1.0,22.0,4.0,5.0,22.0,1784.0,1.0,LO 128.375,
13,1.0,111.0,14.0,B,5.0,22.0,1784.0,Enoch,Hazard,,4.0,16,1782.0,1.0,22.0,4.0,5.0,22.0,1784.0,1.0,LO 128.375,
14,1.0,111.0,15.0,C,5.0,22.0,1784.0,Enoch,Hazard,,4.0,16,1782.0,5.0,,,5.0,22.0,1784.0,1.0,LO 128.375,
15,1.0,111.0,16.0,A,5.0,22.0,1784.0,Enoch,Hazard,,4.0,16,1782.0,1.0,22.0,4.0,5.0,22.0,1784.0,1.0,LO 128.375,
16,1.0,111.0,17.0,E,5.0,22.0,1784.0,Enoch,Hazard,,4.0,16,1782.0,1.0,22.0,4.0,5.0,22.0,1784.0,1.0,LO 128.375,
17,1.0,111.0,18.0,D,5.0,22.0,1784.0,Enoch,Hazard,,4.0,16,1782.0,1.0,22.0,4.0,5.0,22.0,1784.0,1.0,LO 128.375,
18,1.0,111.0,19.0,D,5.0,24.0,1784.0,Enoch,Hazard,,4.0,16,1782.0,5.0,,,5.0,24.0,1784.0,1.0,LO 128.375,
19,1.0,111.0,20.0,C,5.0,24.0,1784.0,Enoch,Hazard,,4.0,16,1782.0,1.0,22.0,4.0,5.0,24.0,1784.0,1.0,LO 128.375,
20,,,,,,,,,,,,,,783.0,65.0,0.0,,,,,,
21,2.0,112.0,21.0,A,5.0,24.0,1784.0,Enoch,Hazard,,4.0,16,1782.0,5.0,,,5.0,24.0,1784.0,1.0,LO 128.375,
22,2.0,112.0,22.0,E,5.0,24.0,1784.0,Enoch,Hazard,,4.0,16,1782.0,1.0,22.0,4.0,5.0,24.0,1784.0,1.0,LO 128.375,
23,2.0,112.0,23.0,G,5.0,24.0,1784.0,Enoch,Hazard,,4.0,16,1782.0,1.0,22.0,4.0,5.0,24.0,1784.0,1.0,LO 128.375,
24,2.0,112.0,24.0,H,5.0,25.0,1784.0,Benjamin,Ellery,Esq,4.0,16,1782.0,5.0,,,5.0,25.0,1784.0,1.0,LO 92.221,
25,2.0,112.0,25.0,I,5.0,25.0,1784.0,Benjamin,Ellery,Esq,4.0,16,1782.0,1.0,22.0,4.0,5.0,25.0,1784.0,1.0,LO 92.221,
26,2.0,112.0,26.0,R,5.0,25.0,1784.0,Benjamin,Ellery,Esq,4.0,16,1782.0,1.0,22.0,4.0,5.0,25.0,1784.0,1.0,LO 92.221,
27,2.0,112.0,27.0,N,5.0,25.0,1784.0,Benjamin,Ellery,Esq,4.0,16,1782.0,1.0,22.0,4.0,5.0,25.0,1784.0,1.0,LO 92.221,
28,2.0,112.0,28.0,P,5.0,25.0,1784.0,Benjamin,Ellery,Esq,4.0,16,1782.0,1.0,22.0,4.0,5.0,25.0,1784.0,1.0,LO 92.221,
29,2.0,112.0,29.0,E,5.0,26.0,1784.0,Timothy,Gladding,,4.0,16,1782.0,1.0,22.0,4.0,5.0,26.0,1784.0,1.0,123,
30,2.0,112.0,30.0,G,5.0,26.0,1784.0,Dorothy,Sabin,,4.0,16,1782.0,5.0,,,5.0,26.0,1784.0,1.0,LO 57.164,
31,2.0,112.0,31.0,D,5.0,26.0,1784.0,Dorothy,Sabin,,4.0,16,1782.0,625.0,,,5.0,26.0,1784.0,1.0,LO 57.164,
32,2.0,112.0,32.0,C,5.0,27.0,1784.0,Ralph,Merry,,4.0,16,1782.0,5.0,,,5.0,27.0,1784.0,1.0,LO 30.108,
33,2.0,112.0,33.0,B,5.0,28.0,1784.0,Thomas,Angell,,4.0,16,1782.0,1.0,22.0,4.0,5.0,28.0,1784.0,1.0,1237,
34,2.0,112.0,34.0,A,5.0,28.0,1784.0,Betsey,Nightingale,,4.0,16,1782.0,5.0,,,5.0,28.0,1784.0,,RO,
35,2.0,112.0,35.0,P,5.0,28.0,1784.0,Clark &,Nightingale,,4.0,16,1782.0,1.0,22.0,4.0,5.0,28.0,1784.0,,RO,Name not sure
36,2.0,112.0,36.0,P,5.0,28.0,1784.0,Clark &,Nightingale,,4.0,16,1782.0,1.0,22.0,4.0,5.0,28.0,1784.0,,RO,
37,2.0,112.0,37.0,N,5.0,28.0,1784.0,Clark &,Nightingale,,4.0,16,1782.0,1.0,22.0,4.0,5.0,28.0,1784.0,,RO,
38,2.0,112.0,38.0,I,5.0,28.0,1784.0,Clark &,Nightingale,,4.0,16,1782.0,7.0,45.0,,5.0,28.0,1784.0,,RO,
39,2.0,112.0,39.0,H,5.0,28.0,1784.0,Clark &,Nightingale,,4.0,16,1782.0,1.0,22.0,4.0,5.0,28.0,1784.0,,RO,
40,2.0,112.0,40.0,L,5.0,28.0,1784.0,Clark &,Nightingale,,4.0,16,1782.0,5.0,,,5.0,28.0,1784.0,,RO,
41,2.0,112.0,41.0,E,5.0,28.0,1784.0,Betsey,Nightingale,,4.0,16,1782.0,1.0,22.0,4.0,5.0,28.0,1784.0,,RO,
42,2.0,112.0,42.0,D,5.0,28.0,1784.0,Jack and Polly,Nightingale,,4.0,16,1782.0,1.0,22.0,4.0,5.0,28.0,1784.0,,RO,Two Name present
43,2.0,112.0,43.0,G,5.0,28.0,1784.0,Jack and Polly,Nightingale,,4.0,16,1782.0,1.0,22.0,4.0,5.0,28.0,1784.0,,RO,Two Name present
44,2.0,112.0,44.0,B,5.0,28.0,1784.0,Henry,Alexander,,4.0,16,1782.0,1.0,22.0,4.0,5.0,28.0,1784.0,1.0,933,
45,2.0,112.0,45.0,A,5.0,28.0,1784.0,Henry,Alexander,,4.0,16,1782.0,5.0,,,5.0,28.0,1784.0,1.0,LO 57.180,
46,,,,,,,,,,,,,,1471.0,20.0,0.0,,,,,,
47,3.0,113.0,46.0,L,6.0,8.0,1784.0,Matthew,Manchester,,1.0,1,1782.0,1432.0,36.0,2.0,6.0,24.0,1784.0,1.0,RO 6487,
48,3.0,113.0,47.0,B,6.0,8.0,1784.0,Richard,Fenner,Jun,1.0,1,1782.0,397.0,7.0,4.0,8.0,12.0,1784.0,1.0,RO 6487,
49,3.0,113.0,48.0,C,6.0,8.0,1784.0,William,Tyler,,1.0,10,1782.0,315.0,40.0,,12.0,1.0,1784.0,1.0,RO 6487,
50,3.0,113.0,49.0,I,6.0,8.0,1784.0,Comfort,Slack,,1.0,1,1782.0,305.0,31.0,2.0,6.0,24.0,1784.0,1.0,Lo 92.269,
51,3.0,113.0,50.0,L,6.0,8.0,1784.0,Abraham,Willson,,1.0,1,1782.0,294.0,22.0,4.0,12.0,20.0,1785.0,1.0,RO 6487,
52,3.0,113.0,51.0,H,6.0,9.0,1784.0,Thomas,Parker,,1.0,1,1782.0,228.0,33.0,6.0,7.0,26.0,1784.0,1.0,RO 6487,
53,3.0,113.0,52.0,P,6.0,9.0,1784.0,Andrew,Craige,,1.0,1,1782.0,155.0,36.0,2.0,6.0,16.0,1784.0,1.0,RO 6487,
54,3.0,113.0,53.0,N,6.0,9.0,1784.0,William,Love,,1.0,1,1782.0,143.0,82.0,4.0,10.0,28.0,1785.0,1.0,RO 6487,
55,3.0,113.0,54.0,R,6.0,9.0,1784.0,Samuel,Parker,,1.0,1,1782.0,116.0,68.0,6.0,5.0,7.0,1785.0,1.0,RO 6487,
56,3.0,113.0,55.0,B,6.0,9.0,1784.0,Moses ,Blanchard,,1.0,1,1782.0,75.0,48.0,6.0,,,,,,"Not to be delivered; being made out in consequcnce of live certificates of Benj Bourne late A2 M in their favour, given this a mistake"
57,3.0,113.0,56.0,C,6.0,9.0,1784.0,James,Maxwell,,1.0,10,1782.0,48.0,35.0,,,,,,,"Not to be delivered; being made out in consequcnce of live certificates of Benj Bourne late A2 M in their favour, given this a mistake"
58,3.0,113.0,57.0,A,6.0,9.0,1784.0,Matthew,Manchester,,7.0,24,1781.0,34.0,45.0,,6.0,24.0,1784.0,1.0,RO 6487,
59,3.0,113.0,58.0,D,6.0,9.0,1784.0,Matthew,Manchester,,12.0,31,1781.0,2.0,60.0,,6.0,24.0,1784.0,1.0,RO 6487,
60,3.0,113.0,59.0,I,6.0,10.0,1784.0,William,Wall,,12.0,2,1780.0,100.0,,,6.0,10.0,1784.0,1.0,LO 128.480,
61,3.0,113.0,60.0,H,6.0,11.0,1784.0,William,Sweet,,8.0,30,1780.0,173.0,79.0,,6.0,30.0,1784.0,1.0,RO,
62,3.0,113.0,61.0,L,6.0,11.0,1784.0,Benjamin,Ellery,Esq,10.0,27,1779.0,6.0,55.0,,8.0,12.0,1784.0,1.0,LO 92.221,
63,3.0,113.0,62.0,P,6.0,11.0,1784.0,Benjamin,Ellery,Esq,1.0,10,1780.0,20.0,68.0,,8.0,12.0,1784.0,1.0,LO 92.221,
64,3.0,113.0,63.0,N,6.0,11.0,1784.0,Benjamin,Ellery,Esq,5.0,8,1780.0,3.0,11.0,5.0,8.0,12.0,1784.0,1.0,LO 92.221,
65,3.0,113.0,64.0,R,6.0,11.0,1784.0,Benjamin,Ellery,Esq,8.0,29,1780.0,,30.0,6.0,8.0,12.0,1784.0,1.0,LO 92.221,
66,3.0,113.0,65.0,L,6.0,25.0,1784.0,William,Presbery,,11.0,15,1779.0,6.0,60.0,,12.0,1.0,1784.0,,,Comment is illegible
67,3.0,113.0,66.0,I,6.0,25.0,1784.0,William,Presbery,,12.0,3,1779.0,25.0,75.0,,12.0,1.0,1784.0,1.0,102,
68,3.0,113.0,67.0,H,6.0,25.0,1784.0,John,Waterman,Esq,8.0,25,1780.0,14.0,81.0,,4.0,23.0,1785.0,1.0,137,
69,3.0,113.0,68.0,P,6.0,25.0,1784.0,Nathaniel,Gallop,,2.0,29,1780.0,1.0,40.0,7.0,9.0,9.0,1788.0,1.0,3712,Del to Major C Hashell September 9th 1788
70,3.0,113.0,69.0,R,6.0,25.0,1784.0,Joseph,Tillinghast,,1.0,1,1780.0,16.0,51.0,,10.0,7.0,1784.0,1.0,LO 128.473,
71,3.0,113.0,70.0,N,6.0,25.0,1784.0,John,Capron,,4.0,16,1782.0,1.0,22.0,4.0,8.0,19.0,1784.0,1.0,LO 128.473,
72,3.0,113.0,71.0,C,6.0,25.0,1784.0,John,Capron,,4.0,16,1782.0,1.0,22.0,4.0,8.0,19.0,1784.0,1.0,LO 128.473,
73,3.0,113.0,72.0,B,6.0,25.0,1784.0,Philip,Ammidon,,5.0,19,1780.0,11.0,35.0,,11.0,26.0,1785.0,1.0,N 102,
74,,,,,,,,,,,,,,5405.0,29.0,6.0,,,,,,
75,4.0,114.0,73.0,P,6.0,28.0,1784.0,Jonathan,Marsh,,10.0,19,1781.0,3.0,77.0,,7.0,19.0,1784.0,1.0,RO,
76,4.0,114.0,74.0,N,6.0,28.0,1784.0,Isaac,Tyler,,1.0,1,1780.0,80.0,,,7.0,19.0,1784.0,1.0,RO,
77,4.0,114.0,75.0,R,6.0,28.0,1784.0,Isaac,Tyler,,1.0,31,1780.0,10.0,15.0,,7.0,19.0,1784.0,1.0,RO,
78,4.0,114.0,76.0,A,6.0,28.0,1784.0,Chris,Roobertson,,2.0,29,1780.0,10.0,67.0,,7.0,19.0,1784.0,1.0,RO,
79,4.0,114.0,77.0,G,6.0,28.0,1784.0,Benjamin,Arnold,,2.0,25,1778.0,37.0,54.0,3.0,7.0,19.0,1784.0,1.0,RO,
80,4.0,114.0,78.0,E,6.0,28.0,1784.0,Jacob ,Vroman,,2.0,1,1781.0,50.0,,,7.0,19.0,1784.0,1.0,RO,
81,4.0,114.0,79.0,E,6.0,28.0,1784.0,Jack,Wendel,,2.0,1,1781.0,50.0,,,7.0,19.0,1784.0,1.0,RO,
82,4.0,114.0,80.0,G,6.0,28.0,1784.0,William,Charles,,6.0,20,1782.0,106.0,,,7.0,19.0,1784.0,1.0,RO,
83,4.0,114.0,81.0,D,6.0,28.0,1784.0,Nicholas Van,Alstine,,6.0,10,1782.0,58.0,,,7.0,19.0,1784.0,1.0,RO,Mid Name present
84,4.0,114.0,82.0,E,6.0,28.0,1784.0,Barent J:,Ten Eyck,,6.0,1,1782.0,58.0,,,7.0,19.0,1784.0,1.0,RO,Mid Name present
85,4.0,114.0,83.0,A,6.0,29.0,1784.0,Lambert,Cook,,10.0,1,1782.0,12.0,45.0,,7.0,19.0,1784.0,1.0,RO,
86,4.0,114.0,84.0,C,6.0,29.0,1784.0,John W.,Fryer,,11.0,1,1782.0,51.0,78.0,6.0,7.0,19.0,1784.0,1.0,RO,Mid Name present
87,4.0,114.0,85.0,G,6.0,29.0,1784.0,John,Gimsolas,,12.0,10,1782.0,53.0,22.0,4.0,7.0,19.0,1784.0,1.0,RO,
88,4.0,114.0,86.0,D,6.0,29.0,1784.0,John,Bingham,,12.0,10,1782.0,169.0,60.0,,7.0,19.0,1784.0,1.0,RO,
89,4.0,114.0,87.0,H,6.0,29.0,1784.0,William,Winne,,1.0,1,1783.0,39.0,78.0,6.0,7.0,19.0,1784.0,1.0,RO,
90,4.0,114.0,88.0,B,6.0,29.0,1784.0,William,Brown,,1.0,1,1783.0,175.0,22.0,4.0,7.0,19.0,1784.0,1.0,RO,
91,4.0,114.0,89.0,A,6.0,29.0,1784.0,Harmanus,Ten Eyck,,1.0,1,1783.0,75.0,,,7.0,19.0,1784.0,1.0,RO,Mid Name present
92,4.0,114.0,90.0,C,6.0,29.0,1784.0,Duncan M.,Carthy,,1.0,1,1783.0,24.0,33.0,6.0,7.0,19.0,1784.0,1.0,RO,Mid Name present
93,4.0,114.0,91.0,G,6.0,29.0,1784.0,William,Richardson,,1.0,10,1783.0,49.0,56.0,2.0,7.0,19.0,1784.0,1.0,RO,
94,4.0,114.0,92.0,H,7.0,6.0,1784.0,Jonathan,Tillinghast,,4.0,16,1782.0,5.0,,,9.0,6.0,1784.0,1.0,373,
95,4.0,114.0,93.0,D,7.0,6.0,1784.0,Andrew,Angel,,12.0,17,1779.0,1.0,59.0,5.0,7.0,6.0,1784.0,1.0,2349,
96,4.0,114.0,94.0,E,7.0,6.0,1784.0,Andrew,Angel,,8.0,24,1780.0,32.0,7.0,5.0,7.0,6.0,1784.0,1.0,RO,
97,4.0,114.0,95.0,I,7.0,6.0,1784.0,Andrew,Angel,,6.0,24,1780.0,,75.0,,7.0,6.0,1784.0,1.0,RO,
98,4.0,114.0,96.0,L,7.0,6.0,1784.0,Seth,Simmonds,,2.0,29,1780.0,6.0,88.0,4.0,10.0,26.0,1784.0,1.0,373,
99,4.0,114.0,97.0,P,7.0,6.0,1784.0,Thomas,Allen,,2.0,27,1780.0,2.0,27.0,1.0,1.0,12.0,1785.0,1.0,RO,
100,4.0,114.0,98.0,R,7.0,6.0,1784.0,William,Vernon,,6.0,21,1780.0,25.0,7.0,5.0,7.0,6.0,1784.0,1.0,No 25,
101,4.0,114.0,99.0,N,7.0,6.0,1784.0,John,Young,,10.0,30,1780.0,6.0,45.0,,7.0,22.0,1784.0,1.0,LO 41.130,
102,4.0,114.0,100.0,B,7.0,6.0,1784.0,Jedidiah,Richardson,,1.0,10,1782.0,921.0,25.0,,11.0,22.0,1784.0,1.0,RO 6487,
103,,,,,,,,,,,,,,7522.0,76.0,1.0,,,,,,
104,5.0,115.0,101.0,A,7.0,7.0,1784.0,Jonathan,Rogers,,11.0,11,1780.0,43.0,6.0,1.0,11.0,2.0,1784.0,1.0,1100,
105,5.0,115.0,102.0,C,7.0,7.0,1784.0,Nathaniel,Cary,,4.0,22,1780.0,20.0,,,1.0,2.0,1786.0,1.0,LO110.364,
106,5.0,115.0,103.0,G,7.0,7.0,1784.0,Reuben,Bates,,1.0,10,1782.0,73.0,60.0,,7.0,20.0,1784.0,1.0,2060,
107,5.0,115.0,104.0,E,7.0,7.0,1784.0,Charles,Cahoone,,1.0,10,1782.0,7.0,45.0,,11.0,26.0,1784.0,1.0,85,
108,5.0,115.0,105.0,D,7.0,7.0,1784.0,Nehemiah,Smith,,2.0,29,1780.0,8.0,67.0,5.0,1.0,14.0,1786.0,1.0,1742,
109,5.0,115.0,106.0,G,7.0,7.0,1784.0,Jesse,Smith,,10.0,7,1779.0,2.0,45.0,,1.0,14.0,1786.0,1.0,585,
110,5.0,115.0,107.0,E,7.0,7.0,1784.0,John,Demount,,10.0,31,1780.0,322.0,48.0,6.0,12.0,27.0,1784.0,1.0,LO 57.160,
111,5.0,115.0,108.0,P,7.0,12.0,1784.0,Lemuel,Field,,4.0,2,1779.0,10.0,,,8.0,10.0,1784.0,1.0,RO,
112,5.0,115.0,109.0,D,7.0,12.0,1784.0,William,Arwen,,2.0,25,1780.0,12.0,25.0,7.0,4.0,6.0,1785.0,1.0,No 54,
113,5.0,115.0,110.0,C,7.0,12.0,1784.0,Pardon,Tillinghast,,2.0,24,1780.0,4.0,24.0,7.0,1.0,31.0,1785.0,1.0,RO,
114,5.0,115.0,111.0,B,7.0,12.0,1784.0,John,Humphrey,,8.0,14,1780.0,24.0,22.0,2.0,7.0,14.0,1784.0,1.0,RO,
115,5.0,115.0,112.0,H,7.0,12.0,1784.0,John,Humphrey,,3.0,15,1780.0,23.0,54.0,4.0,7.0,14.0,1784.0,1.0,N 42,
116,5.0,115.0,113.0,I,7.0,12.0,1784.0,John,Gibson,,11.0,26,1780.0,12.0,77.0,1.0,7.0,28.0,1784.0,1.0,LO 128.473,
117,5.0,115.0,114.0,L,7.0,12.0,1784.0,John,Gibson,,5.0,19,1780.0,46.0,24.0,3.0,7.0,28.0,1784.0,1.0,2060,
118,5.0,115.0,115.0,R,7.0,12.0,1784.0,Richard,Swan,,5.0,19,1780.0,23.0,12.0,2.0,7.0,28.0,1784.0,1.0,LO 92.204,
119,5.0,115.0,116.0,L,7.0,26.0,1784.0,John,Gibson,,8.0,3,1780.0,17.0,84.0,5.0,7.0,28.0,1784.0,1.0,2060,
120,5.0,115.0,117.0,I,7.0,26.0,1784.0,John,Gibson,,9.0,13,1780.0,44.0,39.0,2.0,7.0,28.0,1784.0,1.0,No. 85,
121,5.0,115.0,118.0,H,7.0,26.0,1784.0,William,Billings,,4.0,16,1782.0,1.0,22.0,4.0,7.0,29.0,1784.0,,,
122,5.0,115.0,119.0,P,7.0,26.0,1784.0,Philip,Martin,,8.0,5,1780.0,5.0,6.0,4.0,9.0,23.0,1784.0,1.0,53,
123,5.0,115.0,120.0,C,7.0,26.0,1784.0,Philip,Martin,,11.0,13,1780.0,1.0,67.0,6.0,9.0,23.0,1784.0,1.0,No 53,
124,5.0,115.0,121.0,R,7.0,26.0,1784.0,Samuel,Chace,Esq,8.0,5,1780.0,25.0,,,7.0,29.0,1784.0,1.0,LO 21.49,
125,5.0,115.0,122.0,P,7.0,27.0,1784.0,Thomas,Russell,,2.0,26,1782.0,10.0,,,11.0,2.0,1784.0,1.0,RO,
126,5.0,115.0,123.0,N,7.0,27.0,1784.0,Thomas,Russell,,2.0,26,1782.0,48.0,27.0,,11.0,2.0,1784.0,1.0,RO,
127,5.0,115.0,124.0,R,7.0,27.0,1784.0,Samuel,Chace,Esq,11.0,5,1780.0,13.0,62.0,7.0,7.0,29.0,1784.0,1.0,LO 21.49,
128,5.0,115.0,125.0,A,7.0,27.0,1784.0,Henry,Bowen,,11.0,10,1779.0,19.0,,,7.0,31.0,1784.0,1.0,373,
129,,,,,,,,,,,,,,8344.0,0.0,3.0,,,,,,
130,6.0,116.0,126.0,B,7.0,28.0,1784.0,Samuel,Young,,7.0,12,1780.0,,79.0,7.0,3.0,9.0,1784.0,1.0,RO,
131,6.0,116.0,127.0,B,8.0,17.0,1784.0,Samuel,Young,,9.0,12,1780.0,7.0,37.0,4.0,3.0,9.0,1784.0,1.0,RO,
132,6.0,116.0,128.0,A,8.0,17.0,1784.0,Samuel,Young,,4.0,4,1780.0,1.0,50.0,5.0,3.0,9.0,1784.0,1.0,RO,
133,6.0,116.0,129.0,E,8.0,17.0,1784.0,Benjamin,Cushing,,6.0,30,1780.0,1.0,29.0,,3.0,9.0,1784.0,1.0,No 18,
134,6.0,116.0,130.0,D,8.0,17.0,1784.0,Dorothy,Devons,,4.0,16,1782.0,1.0,22.0,4.0,10.0,26.0,1784.0,1.0,3741,
135,6.0,116.0,131.0,G,8.0,17.0,1784.0,Daniel,Doggett,,4.0,16,1782.0,5.0,,,3.0,25.0,1786.0,1.0,RO,
136,6.0,116.0,132.0,I,8.0,17.0,1784.0,William,White,,4.0,16,1782.0,1.0,22.0,4.0,3.0,25.0,1786.0,1.0,LO 41.142,
137,6.0,116.0,133.0,H,8.0,18.0,1784.0,William,White,,4.0,16,1782.0,1.0,22.0,4.0,3.0,25.0,1786.0,1.0,LO 41.142,
138,6.0,116.0,134.0,C,8.0,18.0,1784.0,Thomas,Waterman,,8.0,12,1780.0,8.0,77.0,1.0,8.0,24.0,1784.0,1.0,420,
139,6.0,116.0,135.0,D,8.0,18.0,1784.0,Daniel,Lyman,,8.0,31,1780.0,600.0,,,10.0,28.0,1784.0,1.0,RO,
140,6.0,116.0,136.0,E,8.0,18.0,1784.0,Daniel,Lyman,,9.0,30,1780.0,75.0,,,10.0,28.0,1784.0,1.0,699,
141,6.0,116.0,137.0,G,8.0,18.0,1784.0,William,Watt,,4.0,`16,1782.0,1.0,22.0,4.0,9.0,9.0,1788.0,1.0,3741,Del to Major C Hashell September 9th 1788
142,6.0,116.0,138.0,H,8.0,18.0,1784.0,William,Watt,,4.0,`16,1782.0,1.0,22.0,4.0,9.0,9.0,1788.0,1.0,3741,Del to Major C Hashell September 9th 1788
143,6.0,116.0,139.0,I,8.0,18.0,1784.0,William,Watt,,4.0,`16,1782.0,1.0,22.0,4.0,9.0,9.0,1788.0,1.0,3741,Del to Major C Hashell September 9th 1788
144,6.0,116.0,140.0,L,8.0,18.0,1784.0,Beale,Caswell,,10.0,6,1780.0,9.0,27.0,7.0,9.0,7.0,1784.0,1.0,No 54,
145,6.0,116.0,141.0,R,8.0,18.0,1784.0,Benjamin,Bates,,10.0,29,1780.0,178.0,80.0,,9.0,7.0,1784.0,1.0,585,
146,6.0,116.0,142.0,P,8.0,18.0,1784.0,Nathaniel,Dummer,,6.0,30,1780.0,25.0,59.0,6.0,9.0,9.0,1784.0,1.0,RO,
147,6.0,116.0,143.0,N,8.0,19.0,1784.0,Ezekiel,Olney,,2.0,28,1780.0,21.0,31.0,7.0,11.0,12.0,1784.0,1.0,LO 41.142,
148,6.0,116.0,144.0,A,8.0,19.0,1784.0,Seth,Tripp,,2.0,28,1780.0,4.0,2.0,5.0,11.0,12.0,1784.0,1.0,LO 128.473,
149,6.0,116.0,145.0,B,8.0,19.0,1784.0,John,Garzia,,12.0,31,1780.0,9.0,,,9.0,9.0,1788.0,1.0,LO 57.178,Del to Major C Hashell September 9th 1788
150,6.0,116.0,146.0,C,8.0,19.0,1784.0,Stutely,Westcoat,,5.0,29,1779.0,2.0,88.0,2.0,9.0,9.0,1788.0,,,Del to Major C Hashell September 9th 1788
151,6.0,116.0,147.0,G,8.0,19.0,1784.0,Sarah,Church,,4.0,16,1782.0,1.0,22.0,4.0,9.0,8.0,1784.0,1.0,5461,
152,6.0,116.0,148.0,D,8.0,19.0,1784.0,Sarah,Church,,4.0,16,1782.0,1.0,22.0,4.0,9.0,8.0,1784.0,1.0,5461,
153,6.0,116.0,149.0,E,8.0,19.0,1784.0,John,Dexter,,5.0,20,1780.0,14.0,,,9.0,10.0,1784.0,,,
154,6.0,116.0,150.0,A,8.0,19.0,1784.0,John,Dexter,,11.0,1,1778.0,3.0,80.0,2.0,9.0,10.0,1784.0,1.0,No. 102,
155,6.0,116.0,151.0,C,8.0,19.0,1784.0,William,Brown,,2.0,15,1780.0,14.0,44.0,2.0,8.0,25.0,1784.0,1.0,LO 110.3625,
156,6.0,116.0,152.0,B,8.0,19.0,1784.0,William,Wheaton,,4.0,16,1782.0,7.0,45.0,,8.0,30.0,1784.0,1.0,LO 128.428,
157,,,,,,,,,,,,,,9345.0,14.0,3.0,,,,,,
158,7.0,117.0,153.0,D,8.0,19.0,1784.0,Israel,Maynard,,12.0,3,1780.0,133.0,69.0,,9.0,1.0,1784.0,1.0,RO,
159,7.0,117.0,154.0,G,8.0,19.0,1784.0,John,Butts,,10.0,21,1780.0,36.0,32.0,2.0,8.0,23.0,1784.0,1.0,RO,
160,7.0,117.0,155.0,E,8.0,20.0,1784.0,John,Butts,,12.0,21,1781.0,3.0,30.0,,8.0,23.0,1784.0,1.0,RO,
161,7.0,117.0,156.0,H,8.0,20.0,1784.0,Beriah,Curtis,,2.0,26,1780.0,1.0,71.0,4.0,9.0,16.0,1784.0,1.0,LO 41.142,
162,7.0,117.0,157.0,I,8.0,20.0,1784.0,Beriah,Curtis,,8.0,5,1780.0,13.0,45.0,,9.0,16.0,1784.0,1.0,LO 128.373,
163,7.0,117.0,158.0,L,8.0,20.0,1784.0,Beriah,Curtis,,8.0,15,1780.0,10.0,,,9.0,16.0,1784.0,1.0,LO 128.373,
164,7.0,117.0,159.0,R,8.0,20.0,1784.0,Beriah,Curtis,,9.0,22,1780.0,38.0,,,9.0,16.0,1784.0,1.0,LO 128.373,
165,7.0,117.0,160.0,P,8.0,20.0,1784.0,Beriah,Curtis,,11.0,14,1780.0,44.0,45.0,,9.0,16.0,1784.0,1.0,LO 128.373,
166,7.0,117.0,161.0,N,8.0,20.0,1784.0,Beriah,Curtis,,1.0,6,1781.0,7.0,,,9.0,16.0,1784.0,1.0,LO 128.373,
167,7.0,117.0,162.0,D,8.0,20.0,1784.0,William,Burrington,,2.0,29,1780.0,19.0,30.0,4.0,12.0,20.0,1784.0,1.0,LO 92.269,
168,7.0,117.0,163.0,E,8.0,20.0,1784.0,William,Burrington,,3.0,18,1780.0,5.0,67.0,4.0,12.0,20.0,1784.0,1.0,LO 93.294,
169,7.0,117.0,164.0,G,8.0,20.0,1784.0,Jonathan,Bradshaw,,8.0,14,1780.0,2.0,51.0,3.0,9.0,18.0,1784.0,1.0,LO 41.128,
170,7.0,117.0,165.0,A,8.0,20.0,1784.0,John,Keen,,8.0,20,1781.0,111.0,27.0,4.0,9.0,10.0,1784.0,1.0,558,
171,7.0,117.0,166.0,B,8.0,20.0,1784.0,Nicholas,Sheldon,,2.0,26,1780.0,6.0,84.0,,8.0,24.0,1784.0,1.0,LO 128.469,
172,7.0,117.0,167.0,C,8.0,24.0,1784.0,Nicholas,Sheldon,,8.0,11,1780.0,8.0,77.0,1.0,8.0,24.0,1784.0,1.0,1729,
173,7.0,117.0,168.0,I,8.0,24.0,1784.0,William,Wheaton,,2.0,22,1780.0,26.0,88.0,1.0,4.0,23.0,1785.0,1.0,903,
174,7.0,117.0,169.0,L,8.0,24.0,1784.0,Nath,Ware,,2.0,29,1780.0,23.0,11.0,3.0,4.0,23.0,1785.0,1.0,LO 110.364,
175,7.0,117.0,170.0,H,8.0,24.0,1784.0,Pardon,Bowen,,4.0,16,1782.0,7.0,45.0,,9.0,10.0,1784.0,1.0,4668,
176,7.0,117.0,171.0,P,8.0,24.0,1784.0,Josiah,Snow,,4.0,16,1782.0,1.0,22.0,4.0,5.0,9.0,1785.0,1.0,RO,
177,7.0,117.0,172.0,N,8.0,24.0,1784.0,Josiah,Snow,,4.0,16,1782.0,5.0,,,5.0,9.0,1785.0,1.0,563,
178,7.0,117.0,173.0,R,8.0,24.0,1784.0,Lodowick,Stanton,,10.0,28,1780.0,18.0,15.0,,2.0,10.0,1785.0,1.0,LO 65.204,
179,7.0,117.0,174.0,A,8.0,24.0,1784.0,John,Potter,Esq,10.0,27,1780.0,7.0,15.0,,2.0,10.0,1785.0,1.0,LO 108.309,
180,7.0,117.0,175.0,B,8.0,24.0,1784.0,Reynolds,Knowles,,10.0,29,1780.0,,70.0,2.0,2.0,10.0,1785.0,1.0,4966,
181,7.0,117.0,176.0,C,8.0,24.0,1784.0,George,Thrasher,,2.0,28,1780.0,,37.0,1.0,2.0,10.0,1785.0,1.0,LO 190.527,
182,7.0,117.0,177.0,G,8.0,24.0,1784.0,John Wanton,Cook,,10.0,26,1779.0,2.0,4.0,3.0,9.0,1.0,1785.0,1.0,     LO 128.469,
183,,,,,,,,,,,,,,9880.0,53.0,7.0,,,,,,
184,8.0,118.0,178.0,E,8.0,24.0,1784.0,William,Crapon,,8.0,5,1780.0,36.0,29.0,4.0,9.0,23.0,1784.0,1.0,LO 110.333,
185,8.0,118.0,179.0,D,8.0,24.0,1784.0,William,Crapon,,6.0,10,1780.0,3.0,30.0,,9.0,23.0,1784.0,1.0,LO 110.333,
186,8.0,118.0,180.0,I,8.0,24.0,1784.0,William,Crapon,,11.0,30,1779.0,11.0,55.0,1.0,9.0,23.0,1784.0,1.0,LO 110.333,
187,8.0,118.0,181.0,L,9.0,6.0,1784.0,Silvester,Jones,,8.0,5,1780.0,,63.0,,12.0,1.0,1784.0,1.0,LO 57.178,
188,8.0,118.0,182.0,H,9.0,6.0,1784.0,Jonathan,Ingle,,6.0,16,1780.0,27.0,22.0,7.0,12.0,1.0,1784.0,1.0,LO 57.178,
189,8.0,118.0,183.0,P,9.0,6.0,1784.0,Jonathan,Ingle,,8.0,3,1780.0,15.0,64.0,2.0,12.0,1.0,1784.0,,,
190,8.0,118.0,184.0,R,9.0,6.0,1784.0,Jonathan,Ingle,,12.0,1,1779.0,16.0,5.0,6.0,12.0,1.0,1784.0,1.0,1743,
191,8.0,118.0,185.0,N,9.0,6.0,1784.0,Williams,Ingle,,12.0,27,1779.0,,71.0,5.0,12.0,1.0,1784.0,1.0,LO 57.178,
192,8.0,118.0,186.0,B,9.0,6.0,1784.0,Solomon,Thornton,,9.0,30,1784.0,28.0,,,9.0,22.0,1784.0,1.0,LO 93.299,
193,8.0,118.0,187.0,A,9.0,6.0,1784.0,Edward,Finner,,10.0,31,1781.0,18.0,,,9.0,22.0,1784.0,1.0,RO,
194,8.0,118.0,188.0,C,9.0,6.0,1784.0,Rich,Fry,,2.0,28,1780.0,7.0,25.0,7.0,10.0,29.0,1784.0,1.0,5381,
195,8.0,118.0,189.0,G,9.0,6.0,1784.0,Robert,Dixon,,2.0,6,1780.0,5.0,85.0,4.0,10.0,29.0,1784.0,1.0,1204,
196,8.0,118.0,190.0,E,9.0,6.0,1784.0,Richard,Fry,,2.0,29,1780.0,241.0,8.0,1.0,10.0,29.0,1784.0,1.0,RO,
197,8.0,118.0,191.0,D,9.0,6.0,1784.0,Richard,Fry,,6.0,30,1780.0,10.0,13.0,,10.0,29.0,1784.0,1.0,336,
198,8.0,118.0,192.0,P,9.0,7.0,1784.0,Benajah,Donham,,11.0,10,1780.0,60.0,28.0,6.0,10.0,29.0,1784.0,1.0,LO 128.469,
199,8.0,118.0,193.0,R,9.0,7.0,1784.0,Benajah,Donham,,11.0,10,1780.0,27.0,24.0,5.0,10.0,29.0,1784.0,1.0,1174,
200,8.0,118.0,194.0,N,9.0,7.0,1784.0,Andrew,Craige,,8.0,13,1780.0,3.0,25.0,2.0,10.0,29.0,1784.0,1.0,1204,
201,8.0,118.0,195.0,I,9.0,7.0,1784.0,William,Love,,9.0,6,1780.0,7.0,86.0,4.0,10.0,29.0,1784.0,1.0,1204,
202,8.0,118.0,196.0,H,9.0,7.0,1784.0,Malachi,Rhodes,,8.0,1,1780.0,45.0,,,9.0,25.0,1784.0,1.0,LO.30.38,
203,8.0,118.0,197.0,L,9.0,7.0,1784.0,Malachi,Hammet,,8.0,11,1780.0,4.0,72.0,,3.0,30.0,1785.0,1.0,794,
204,8.0,118.0,198.0,G,9.0,7.0,1784.0,Nathan,Waterman,,10.0,30,1780.0,20.0,84.0,5.0,9.0,29.0,1784.0,1.0,RO,
205,8.0,118.0,199.0,E,9.0,7.0,1784.0,Nathan,Waterman,,10.0,31,1780.0,16.0,73.0,7.0,9.0,29.0,1784.0,1.0,RO,
206,8.0,118.0,200.0,D,9.0,7.0,1784.0,Lewis,Mumford,,5.0,31,1780.0,4.0,44.0,4.0,9.0,29.0,1784.0,1.0,RO,
207,8.0,118.0,201.0,C,9.0,7.0,1784.0,Nathan,Waterman,,8.0,1,1778.0,77.0,52.0,4.0,9.0,29.0,1784.0,1.0,RO,
208,8.0,118.0,202.0,A,9.0,7.0,1784.0,Isaac,Clapp,,8.0,5,1780.0,2.0,34.0,2.0,9.0,29.0,1784.0,1.0,LO 21.43,
209,8.0,118.0,203.0,B,9.0,7.0,1784.0,Ford,Westcott,,8.0,5,1780.0,4.0,77.0,1.0,9.0,29.0,1784.0,1.0,RO,
210,8.0,118.0,204.0,L,9.0,8.0,1784.0,Nathan,Waterman,,6.0,30,1780.0,7.0,32.0,2.0,9.0,29.0,1784.0,1.0,RO,
211,8.0,118.0,205.0,I,9.0,8.0,1784.0,Nathan,Waterman,,4.0,16,1782.0,1.0,22.0,4.0,9.0,29.0,1784.0,1.0,RO,
212,,,,,,,,,,,,,,10587.0,17.0,2.0,,,,,,
213,9.0,119.0,206.0,P,9.0,8.0,1784.0,Jacob,Ide,,2.0,25,1780.0,,29.0,3.0,9.0,29.0,1784.0,,,
214,9.0,119.0,207.0,H,9.0,8.0,1784.0,Timothy,Cole,,3.0,26,1780.0,38.0,36.0,,9.0,29.0,1784.0,1.0,RO,
215,9.0,119.0,208.0,R,9.0,8.0,1784.0,Nathan,Munro,,12.0,12,1778.0,65.0,57.0,,10.0,1.0,1784.0,1.0,104,
216,9.0,119.0,209.0,N,9.0,8.0,1784.0,Southwick,Wheeler,,2.0,28,1780.0,1.0,55.0,5.0,1.0,7.0,1785.0,,,
217,9.0,119.0,210.0,B,9.0,8.0,1784.0,Southwick,Wheeler,,2.0,28,1780.0,,48.0,4.0,1.0,7.0,1785.0,,,
218,9.0,119.0,211.0,C,9.0,8.0,1784.0,James,Miller,,10.0,23,1779.0,,24.0,2.0,11.0,13.0,1784.0,1.0,LO 128.465,
219,9.0,119.0,212.0,G,9.0,8.0,1784.0,Elisha,Finney,,10.0,8,1779.0,1.0,39.0,2.0,11.0,13.0,1784.0,,LO 128.465,Note not sure
220,9.0,119.0,213.0,D,9.0,8.0,1784.0,Samuel,Pearce,,7.0,14,1779.0,4.0,20.0,,11.0,13.0,1784.0,,LO 93.300,Note not sure
221,9.0,119.0,214.0,E,9.0,8.0,1784.0,Nathaniel,Dana,,11.0,30,1780.0,82.0,75.0,3.0,11.0,3.0,1784.0,1.0,No 102,
222,9.0,119.0,215.0,A,9.0,8.0,1784.0,Nathaniel,Dana,,11.0,30,1780.0,10.0,63.0,1.0,11.0,3.0,1784.0,1.0,RO,
223,9.0,119.0,216.0,N,9.0,8.0,1784.0,Nathaniel,Dana,,10.0,1,1782.0,34.0,30.0,,11.0,3.0,1784.0,1.0,No 27,
224,9.0,119.0,217.0,P,9.0,8.0,1784.0,Nathaniel,Dana,,11.0,1,1782.0,2.0,30.0,,11.0,3.0,1784.0,1.0,RO,
225,9.0,119.0,218.0,R,9.0,8.0,1784.0,Jonathan,Bradshaw,,8.0,1,1782.0,29.0,86.0,2.0,9.0,18.0,1784.0,1.0,LO 41.128,
226,9.0,119.0,219.0,L,9.0,8.0,1784.0,George,Olney,,4.0,16,1782.0,1.0,22.0,4.0,1.0,30.0,1785.0,1.0,1496,
227,9.0,119.0,220.0,I,9.0,8.0,1784.0,George,Olney,,4.0,16,1782.0,1.0,22.0,4.0,1.0,30.0,1785.0,1.0,1496,
228,9.0,119.0,221.0,H,9.0,8.0,1784.0,James,Manning,Rev,4.0,15,1779.0,8.0,59.0,4.0,9.0,29.0,1784.0,1.0,LO 128.438,
229,9.0,119.0,222.0,A,9.0,8.0,1784.0,William,Engs,,8.0,5,1780.0,61.0,32.0,1.0,9.0,10.0,1784.0,1.0,RO,
230,9.0,119.0,223.0,B,9.0,8.0,1784.0,William,Engs,,3.0,1,1783.0,391.0,50.0,,9.0,10.0,1784.0,1.0,RO,
231,9.0,119.0,224.0,C,9.0,8.0,1784.0,William,Rice,,12.0,22,1784.0,5.0,,,9.0,21.0,1784.0,,,
232,9.0,119.0,225.0,G,9.0,8.0,1784.0,Simeon Hunt,Olney,,2.0,29,1780.0,2.0,81.0,,10.0,25.0,1784.0,1.0,1100,Mid Name present
233,9.0,119.0,226.0,E,9.0,8.0,1784.0,Simeon Hunt,Olney,,4.0,8,1780.0,5.0,56.0,2.0,10.0,25.0,1784.0,1.0,1100,Mid Name present
234,9.0,119.0,227.0,D,9.0,8.0,1784.0,Simeon Hunt,Olney,,6.0,30,1780.0,6.0,38.0,2.0,10.0,25.0,1784.0,1.0,1100,Mid Name present
235,9.0,119.0,228.0,G,9.0,8.0,1784.0,Asabel,Carpenter,,4.0,16,1782.0,7.0,45.0,,9.0,22.0,1784.0,1.0,RO,
236,9.0,119.0,229.0,E,9.0,8.0,1784.0,Asabel,Carpenter,,4.0,16,1782.0,5.0,,,9.0,22.0,1784.0,1.0,RO,
237,9.0,119.0,230.0,D,9.0,8.0,1784.0,Richard,whitaker,,8.0,12,1780.0,5.0,71.0,5.0,10.0,13.0,1784.0,1.0,No 21,
238,9.0,119.0,231.0,A,9.0,8.0,1784.0,Daniel,Sprague,,8.0,10,1781.0,12.0,,,9.0,13.0,1784.0,1.0,LO 30.90,
239,9.0,119.0,232.0,C,9.0,9.0,1784.0,Joseph,Hoyle,,2.0,24,1780.0,3.0,43.0,6.0,10.0,27.0,1784.0,,,
240,9.0,119.0,233.0,B,9.0,9.0,1784.0,Thomas,Greene,Esq,3.0,14,1780.0,3.0,4.0,1.0,10.0,27.0,1784.0,,,
241,,,,,,,,,,,,,,11380.0,58.0,5.0,,,,,,
242,10.0,120.0,234.0,N,9.0,9.0,1784.0,Nehemiah,Sweet,,8.0,18,1780.0,15.0,64.0,2.0,10.0,25.0,1784.0,1.0,LO 30.80,
243,10.0,120.0,235.0,R,9.0,9.0,1784.0,Job,Greene,,8.0,24,1780.0,6.0,61.0,5.0,11.0,17.0,1784.0,1.0,LO 41.142,
244,10.0,120.0,236.0,P,9.0,9.0,1784.0,Joseph,Potter,,8.0,12,1779.0,4.0,13.0,,12.0,25.0,1784.0,1.0,LO 128.461,
245,10.0,120.0,237.0,H,9.0,9.0,1784.0,Joseph,Potter,,12.0,14,1779.0,1.0,49.0,7.0,12.0,25.0,1784.0,1.0,LO 128.461,
246,10.0,120.0,238.0,I,9.0,9.0,1784.0,Joseph,Potter,,12.0,16,1779.0,,87.0,2.0,12.0,25.0,1784.0,1.0,LO 128.461,
247,10.0,120.0,239.0,L,9.0,9.0,1784.0,Jotham,Carpenter,,2.0,26,1780.0,,50.0,7.0,9.0,21.0,1784.0,1.0,2349,
248,10.0,120.0,240.0,D,9.0,9.0,1784.0,Jotham,Carpenter,,8.0,5,1780.0,47.0,34.0,7.0,9.0,21.0,1784.0,1.0,734,
249,10.0,120.0,241.0,E,9.0,9.0,1784.0,Jotham,Carpenter,,8.0,25,1780.0,4.0,69.0,6.0,9.0,21.0,1784.0,1.0,RO,
250,10.0,120.0,242.0,G,9.0,9.0,1784.0,Benajah,Barrows,,4.0,16,1782.0,1.0,22.0,4.0,9.0,9.0,1788.0,,,Del to Major C Hashell September 9th 1788
251,10.0,120.0,243.0,E,9.0,9.0,1784.0,Archibald,Crary,,11.0,3,1779.0,10.0,,,10.0,27.0,1784.0,1.0,LO 30.80,
252,10.0,120.0,244.0,A,9.0,9.0,1784.0,Archibald,Crary,,8.0,1,1783.0,52.0,70.0,,10.0,27.0,1784.0,1.0,LO 30.80,Note not sure
253,10.0,120.0,245.0,B,9.0,9.0,1784.0,Archibald,Crary,,3.0,16,1779.0,2150.0,,,10.0,27.0,1784.0,1.0,RO,
254,10.0,120.0,246.0,H,9.0,9.0,1784.0,John,Lawrence,,12.0,15,1779.0,4.0,9.0,4.0,9.0,29.0,1784.0,1.0,No 21,
255,10.0,120.0,247.0,I,9.0,9.0,1784.0,Joseph,Lawrence,,1.0,25,1780.0,8.0,31.0,2.0,9.0,29.0,1784.0,1.0,No 21,
256,10.0,120.0,248.0,L,9.0,9.0,1784.0,Gideon,Young,,4.0,16,1782.0,5.0,,,4.0,11.0,1784.0,,,
257,10.0,120.0,249.0,R,9.0,9.0,1784.0,Gideon,Young,,4.0,16,1782.0,1.0,22.0,4.0,4.0,11.0,1784.0,,,
258,10.0,120.0,250.0,N,9.0,9.0,1784.0,James,Wallace,,8.0,16,1784.0,63.0,30.0,,9.0,24.0,1784.0,1.0,RO,
259,10.0,120.0,251.0,P,9.0,9.0,1784.0,Nath,Sowle,,4.0,16,1782.0,5.0,,,10.0,16.0,1784.0,,,
260,10.0,120.0,252.0,G,9.0,9.0,1784.0,Elnathan,Hammond,,4.0,16,1782.0,1.0,22.0,4.0,10.0,16.0,1784.0,1.0,LO 128.442,
261,10.0,120.0,253.0,E,9.0,9.0,1784.0,Elnathan,Hammond,,4.0,16,1782.0,1.0,22.0,4.0,10.0,16.0,1784.0,1.0,LO 128.442,
262,10.0,120.0,254.0,D,9.0,9.0,1784.0,William,Arnold,,12.0,20,1784.0,48.0,36.0,2.0,7.0,19.0,1785.0,1.0,1615,
263,10.0,120.0,255.0,A,9.0,9.0,1784.0,William,Arnold,,9.0,24,1780.0,30.0,38.0,,7.0,19.0,1785.0,1.0,1615,Note not sure
264,10.0,120.0,256.0,B,9.0,9.0,1784.0,William,Arnold,,10.0,8,1780.0,8.0,10.0,1.0,7.0,19.0,1785.0,1.0,RO,
265,10.0,120.0,257.0,C,9.0,9.0,1784.0,John,Thurber,,8.0,15,1781.0,17.0,22.0,4.0,4.0,29.0,1785.0,1.0,RO,
266,10.0,120.0,258.0,L,9.0,9.0,1784.0,Daniel,Stillwell,,12.0,4,1781.0,26.0,,,11.0,12.0,1784.0,1.0,RO,
267,10.0,120.0,259.0,I,9.0,9.0,1784.0,Samuel,Westcott,,8.0,5,1780.0,14.0,32.0,2.0,12.0,1.0,1784.0,1.0,RO,
268,10.0,120.0,260.0,H,9.0,9.0,1784.0,Samuel,Westcott,,9.0,9,1780.0,31.0,62.0,4.0,12.0,1.0,1784.0,1.0,RO,
269,,,,,,,,,,,,,,13942.0,22.0,4.0,,,,,,
270,11.0,121.0,261.0,N,9.0,10.0,1784.0,Samuel,Westcott,,10.0,8,1780.0,11.0,30.0,,12.0,1.0,1784.0,1.0,RO,
271,11.0,121.0,262.0,R,9.0,10.0,1784.0,Samuel,Westcott,,9.0,20,1781.0,3.0,30.0,,12.0,1.0,1784.0,1.0,RO,
272,11.0,121.0,263.0,P,9.0,10.0,1784.0,Ebenezer,Thayer,,9.0,30,1780.0,116.0,30.0,3.0,10.0,25.0,1784.0,1.0,RO,
273,11.0,121.0,264.0,G,9.0,10.0,1784.0,Ebenezer,Thayer,,10.0,31,1780.0,60.0,25.0,,10.0,25.0,1784.0,1.0,RO,
274,11.0,121.0,265.0,C,9.0,10.0,1784.0,John,Jenkins,,12.0,21,1781.0,224.0,38.0,6.0,9.0,16.0,1784.0,1.0,RO,
275,11.0,121.0,266.0,D,9.0,10.0,1784.0,John,Whiting,,11.0,27,1779.0,72.0,78.0,6.0,9.0,9.0,1788.0,,,Del to Major C Hashell September 9th 1788
276,11.0,121.0,267.0,A,9.0,10.0,1784.0,Benjamin,Bourne,,4.0,16,1782.0,1.0,22.0,4.0,4.0,13.0,1785.0,1.0,LO 110.366,
277,11.0,121.0,268.0,B,9.0,10.0,1784.0,Benjamin,Bourne,,4.0,16,1782.0,1.0,22.0,4.0,4.0,13.0,1785.0,1.0,RO,
278,11.0,121.0,269.0,N,9.0,10.0,1784.0,Benjamin,Bourne,,4.0,16,1782.0,1.0,22.0,4.0,4.0,13.0,1785.0,1.0,RO,
279,11.0,121.0,270.0,R,9.0,10.0,1784.0,Benjamin,Bourne,,4.0,16,1782.0,5.0,,,4.0,13.0,1785.0,1.0,2040,
280,11.0,121.0,271.0,P,9.0,10.0,1784.0,Benjamin,Bourne,,4.0,16,1782.0,1.0,22.0,4.0,4.0,13.0,1785.0,1.0,RO,
281,11.0,121.0,272.0,H,9.0,11.0,1784.0,Benjamin,Bourne,,4.0,16,1782.0,5.0,,,4.0,13.0,1785.0,,,
282,11.0,121.0,273.0,I,9.0,11.0,1784.0,Lydia,Brown,,11.0,8,1779.0,10.0,58.0,6.0,9.0,9.0,1788.0,,,Del to Major C Hashell September 9th 1788
283,11.0,121.0,274.0,L,9.0,11.0,1784.0,John,Cole,,2.0,28,1780.0,2.0,77.0,2.0,11.0,16.0,1784.0,1.0,LO 57.178,
284,11.0,121.0,275.0,C,9.0,11.0,1784.0,John,Cole,,4.0,16,1782.0,1.0,22.0,4.0,11.0,16.0,1784.0,1.0,LO 57.178,
285,11.0,121.0,276.0,B,9.0,11.0,1784.0,Joseph,Clarke,,2.0,23,1780.0,39.0,3.0,1.0,12.0,4.0,1781.0,1.0,1186,
286,11.0,121.0,277.0,A,9.0,11.0,1784.0,Samuel,Young,,4.0,16,1782.0,1.0,22.0,4.0,10.0,8.0,1784.0,1.0,RO,
287,11.0,121.0,278.0,G,9.0,11.0,1784.0,Abimelech,Riggs,,6.0,1,1780.0,,74.0,,11.0,10.0,1784.0,1.0,LO 10.24,
288,11.0,121.0,279.0,C,9.0,11.0,1784.0,Abimelech,Riggs,,9.0,6,1780.0,9.0,57.0,6.0,11.0,10.0,1784.0,1.0,2858,
289,11.0,121.0,280.0,R,9.0,11.0,1784.0,Abimelech,Riggs,,10.0,31,1780.0,19.0,67.0,4.0,11.0,10.0,1784.0,1.0,794,
290,11.0,121.0,281.0,P,9.0,11.0,1784.0,Abimelech,Riggs,,11.0,10,1780.0,62.0,29.0,4.0,11.0,10.0,1784.0,1.0,RO,
291,11.0,121.0,282.0,N,9.0,11.0,1784.0,Daniel,Rice,,4.0,16,1782.0,5.0,,,2.0,17.0,1785.0,1.0,1183,
292,11.0,121.0,283.0,L,9.0,11.0,1784.0,Daniel,Rice,,4.0,16,1782.0,5.0,,,2.0,17.0,1785.0,1.0,1183,
293,11.0,121.0,284.0,H,9.0,11.0,1784.0,Daniel,Rice,,4.0,16,1782.0,5.0,,,2.0,17.0,1785.0,1.0,2237,
294,11.0,121.0,285.0,I,9.0,11.0,1784.0,John,Child,,4.0,16,1782.0,1.0,22.0,4.0,11.0,27.0,1784.0,1.0,LO 41.117,
295,,,,,,,,,,,,,,14609.0,60.0,6.0,,,,,,
296,12.0,123.0,286.0,D,9.0,11.0,1784.0,John,Child,,4.0,16,1782.0,5.0,,,11.0,27.0,1784.0,,,
297,12.0,123.0,287.0,E,9.0,11.0,1784.0,Daniel,Jackson,,4.0,16,1782.0,1.0,22.0,4.0,10.0,6.0,1784.0,1.0,LO 190.527,
298,12.0,123.0,288.0,G,9.0,11.0,1784.0,Daniel,Jackson,,4.0,16,1782.0,1.0,22.0,4.0,10.0,6.0,1784.0,1.0,LO 191.533,
299,12.0,123.0,289.0,A,9.0,11.0,1784.0,Daniel,Jackson,,4.0,16,1782.0,1.0,22.0,4.0,10.0,6.0,1784.0,1.0,LO 191.533,
300,12.0,123.0,290.0,B,9.0,11.0,1784.0,Daniel,Jackson,,4.0,16,1782.0,5.0,,,10.0,6.0,1784.0,1.0,LO 128.469,
301,12.0,123.0,291.0,C,9.0,11.0,1784.0,Daniel,Jackson,,4.0,16,1782.0,1.0,22.0,4.0,10.0,6.0,1784.0,1.0,LO 128.409,
302,12.0,123.0,292.0,R,9.0,14.0,1784.0,Daniel,Jackson,,4.0,16,1782.0,1.0,22.0,4.0,10.0,6.0,1784.0,1.0,776,
303,12.0,123.0,293.0,P,9.0,14.0,1784.0,Daniel,Jackson,,4.0,16,1782.0,1.0,22.0,4.0,10.0,6.0,1784.0,1.0,734,
304,12.0,123.0,294.0,N,9.0,14.0,1784.0,Daniel,Jackson,,12.0,1,1781.0,26.0,45.0,,10.0,6.0,1784.0,1.0,RO,
305,12.0,123.0,295.0,H,9.0,14.0,1784.0,Freeman,Lincoln,,1.0,10,1782.0,556.0,57.0,,12.0,10.0,1784.0,1.0,RO 6487,
306,12.0,123.0,296.0,I,9.0,14.0,1784.0,Freeman,Lincoln,,1.0,10,1782.0,72.0,,,12.0,10.0,1784.0,1.0,RO 6487,
307,12.0,123.0,297.0,L,9.0,14.0,1784.0,Jeremiah,Ingraham,,8.0,15,1780.0,17.0,25.0,,12.0,10.0,1784.0,,,
308,12.0,123.0,298.0,D,9.0,14.0,1784.0,Philip,Pain,,4.0,16,1782.0,1.0,22.0,4.0,4.0,19.0,1785.0,1.0,LO 128.473,
309,12.0,123.0,299.0,E,9.0,14.0,1784.0,Belcher,Lee,,8.0,15,1778.0,3.0,21.0,3.0,10.0,15.0,1784.0,1.0,123,
310,12.0,123.0,300.0,G,9.0,17.0,1784.0,John,Manley,,4.0,16,1782.0,1.0,22.0,4.0,10.0,27.0,1784.0,1.0,RO,
311,12.0,123.0,301.0,A,9.0,17.0,1784.0,Jsrael,Bowen,,10.0,30,1779.0,3.0,85.0,1.0,11.0,16.0,1784.0,1.0,RO,
312,12.0,123.0,302.0,B,9.0,17.0,1784.0,Jsrael,Bowen,,2.0,10,1780.0,3.0,44.0,4.0,11.0,16.0,1784.0,1.0,782,
313,12.0,123.0,303.0,C,9.0,17.0,1784.0,Daniel,Bucklin,,4.0,16,1782.0,12.0,45.0,,2.0,16.0,1786.0,1.0,452,
314,12.0,123.0,304.0,G,9.0,17.0,1784.0,Thomas,Wheaton,,2.0,15,1783.0,34.0,45.0,,10.0,16.0,1784.0,1.0,RO,
315,12.0,123.0,305.0,E,9.0,17.0,1784.0,Abraham,Tuckerman,,1.0,1,1783.0,160.0,,,10.0,16.0,1784.0,1.0,RO,
316,12.0,123.0,306.0,D,9.0,17.0,1784.0,Philip,Rudliff,,12.0,1,1783.0,28.0,67.0,4.0,10.0,16.0,1784.0,1.0,RO,
317,12.0,123.0,307.0,C,9.0,17.0,1784.0,William,Dale,,1.0,1,1783.0,39.0,78.0,6.0,10.0,16.0,1784.0,1.0,RO,
318,12.0,123.0,308.0,B,9.0,17.0,1784.0,John,Calligan,,1.0,1,1783.0,39.0,78.0,6.0,10.0,16.0,1784.0,1.0,RO,Last name not sure
319,12.0,123.0,309.0,A,9.0,17.0,1784.0,Samuel,Batty,,1.0,1,1783.0,39.0,78.0,6.0,10.0,16.0,1784.0,1.0,RO,
320,12.0,123.0,310.0,R,9.0,17.0,1784.0,Barent Ten,Eyck,,1.0,1,1783.0,41.0,,,10.0,16.0,1784.0,1.0,RO,
321,12.0,123.0,311.0,P,9.0,18.0,1784.0,Archibald,Crary,,5.0,15,1778.0,384.0,67.0,4.0,10.0,27.0,1784.0,1.0,RO,
322,12.0,123.0,312.0,N,9.0,18.0,1784.0,Archibald,Crary,,9.0,16,1778.0,1015.0,30.0,,10.0,27.0,1784.0,1.0,407,
323,12.0,123.0,313.0,H,9.0,18.0,1784.0,Thomas,Lippitt,,12.0,31,1776.0,13.0,45.0,,10.0,11.0,1784.0,1.0,RO,
324,,,,,,,,,,,,,,17122.0,65.0,0.0,,,,,,
325,13.0,124.0,314.0,I,9.0,20.0,1784.0,Gideon,Coggeshall,,10.0,31,1780.0,1.0,60.0,,10.0,25.0,1784.0,1.0,LO 110.340,
326,13.0,124.0,315.0,L,9.0,20.0,1784.0,Samuel,Sandford,,6.0,30,1782.0,1782.0,44.0,,10.0,25.0,1784.0,1.0,LO 65.185,
327,13.0,124.0,316.0,N,9.0,20.0,1784.0,John,Field,,9.0,10,1780.0,20.0,58.0,6.0,10.0,12.0,1784.0,1.0,LO 30.108,
328,13.0,124.0,317.0,P,9.0,20.0,1784.0,John,Field,,10.0,31,1780.0,26.0,74.0,6.0,10.0,12.0,1784.0,1.0,LO 30.108,
329,13.0,124.0,318.0,R,9.0,20.0,1784.0,John,Field,,11.0,9,1784.0,24.0,22.0,4.0,10.0,12.0,1784.0,1.0,LO 30.108,
330,13.0,124.0,319.0,I,11.0,2.0,1784.0,Standfast,Wyatt,,4.0,16,1782.0,5.0,,,11.0,16.0,1784.0,1.0,No. 21,
331,13.0,124.0,320.0,H,11.0,2.0,1784.0,Elisha,Mowrey,,4.0,16,1782.0,1.0,22.0,4.0,2.0,23.0,1785.0,1.0,RO,
332,13.0,124.0,321.0,L,11.0,2.0,1784.0,Elisha,Mowrey,,4.0,16,1782.0,5.0,,,2.0,23.0,1785.0,1.0,RO,
333,13.0,124.0,322.0,P,11.0,2.0,1784.0,Elisha,Mowrey,,4.0,16,1782.0,7.0,45.0,,2.0,23.0,1785.0,1.0,RO,
334,13.0,124.0,323.0,R,11.0,2.0,1784.0,Elisha,Mowrey,,4.0,16,1782.0,5.0,,,2.0,23.0,1785.0,1.0,558,
335,13.0,124.0,324.0,G,11.0,2.0,1784.0,Elisha,Mowrey,,4.0,16,1782.0,5.0,,,2.0,23.0,1785.0,1.0,RO,
336,13.0,124.0,325.0,D,11.0,2.0,1784.0,Wait,Brown,,6.0,30,1780.0,53.0,12.0,4.0,11.0,9.0,1784.0,,,
337,13.0,124.0,326.0,L,11.0,2.0,1784.0,Samuel,Freebody,,4.0,8,1780.0,108.0,,,11.0,3.0,1784.0,1.0,LO 57.169,
338,13.0,124.0,327.0,I,11.0,2.0,1784.0,Clark,Nightingale,,2.0,28,1777.0,330.0,,,11.0,20.0,1784.0,1.0,LO 57.144,Note not sure
339,13.0,124.0,328.0,H,11.0,2.0,1784.0,Jesse,Whipple,,8.0,21,1780.0,2.0,77.0,1.0,12.0,24.0,1784.0,1.0,RO,
340,13.0,124.0,329.0,B,11.0,3.0,1784.0,Daniel,Pratt,,1.0,10,1782.0,201.0,15.0,,12.0,1.0,1784.0,1.0,806,
341,13.0,124.0,330.0,A,11.0,3.0,1784.0,Daniel,Pratt,,1.0,10,1782.0,201.0,15.0,,12.0,1.0,1784.0,1.0,806,
342,13.0,124.0,331.0,A,11.0,3.0,1784.0,Joseph,Sisson,,8.0,31,1780.0,54.0,,,3.0,31.0,1785.0,1.0,LO 92.223,
343,13.0,124.0,332.0,B,11.0,3.0,1784.0,John,Gardner,,12.0,31,1781.0,2222.0,30.0,,1.0,18.0,1785.0,1.0,1174,Note not sure
344,13.0,124.0,333.0,C,11.0,3.0,1784.0,Joseph,Sayers (deceased),,12.0,31,1781.0,432.0,71.0,2.0,,,,,,Cancelled being over drawn
345,13.0,124.0,334.0,D,11.0,3.0,1784.0,Jonathan,Townsend,,8.0,8,1782.0,2089.0,76.0,2.0,7.0,20.0,1755.0,1.0,No 25,
346,13.0,124.0,335.0,E,11.0,3.0,1784.0,Stutely,Wyatt,,9.0,14,1780.0,3.0,,,5.0,3.0,1785.0,1.0,1100,
347,13.0,124.0,336.0,G,11.0,3.0,1784.0,Jonathan,Fairbanks,,2.0,24,1780.0,12.0,30.0,3.0,12.0,21.0,1785.0,1.0,LO 128.430,
348,13.0,124.0,337.0,H,11.0,3.0,1784.0,Thomas,Aldrich,,11.0,30,1778.0,16.0,81.0,5.0,12.0,21.0,1785.0,1.0,LO 128.430,
349,13.0,124.0,338.0,I,11.0,10.0,1784.0,John,Wheaton,,12.0,1,1779.0,3.0,42.0,2.0,11.0,15.0,1784.0,1.0,LO 57.178,
350,,,,,,,,,,,,,,24738.0,33.0,7.0,,,,,,
351,14.0,125.0,339.0,L,11.0,10.0,1784.0,John,Wheaton,,3.0,14,1780.0,18.0,34.0,,11.0,15.0,1784.0,1.0,LO 57.178,
352,14.0,125.0,340.0,R,11.0,10.0,1784.0,Frances,Garder,,4.0,16,1782.0,5.0,,,1.0,4.0,1785.0,1.0,190.527,
353,14.0,125.0,341.0,P,11.0,10.0,1784.0,John,Jenkins,,10.0,25,1780.0,42.0,30.0,,1.0,11.0,1785.0,1.0,RO,
354,14.0,125.0,342.0,N,11.0,10.0,1784.0,Thomas,Tillinghast,,1.0,1,1780.0,72.0,,,12.0,17.0,1784.0,1.0,LO 190.517,
355,14.0,125.0,343.0,A,11.0,10.0,1784.0,Richard,Fry,,5.0,1,1780.0,26.0,76.0,7.0,12.0,17.0,1784.0,1.0,336,
356,14.0,125.0,344.0,B,11.0,10.0,1784.0,Richard,Fry,,8.0,1,1780.0,232.0,22.0,4.0,12.0,17.0,1784.0,1.0,RO,
357,14.0,125.0,345.0,C,11.0,10.0,1784.0,William,Love,,1.0,8,1782.0,5.0,,,12.0,17.0,1784.0,1.0,5381,
358,14.0,125.0,346.0,G,11.0,10.0,1784.0,Pardon,Thornton,,8.0,1,1781.0,16.0,,,4.0,27.0,1785.0,1.0,LO 236.557,
359,14.0,125.0,347.0,E,11.0,10.0,1784.0,William,Billings,,10.0,4,1779.0,1.0,,,11.0,15.0,1784.0,1.0,552,
360,14.0,125.0,348.0,D,11.0,10.0,1784.0,William,Billings,,11.0,30,1781.0,266.0,15.0,,11.0,15.0,1784.0,1.0,776,
361,14.0,125.0,349.0,C,11.0,10.0,1784.0,William,Billings,,10.0,1,1782.0,3.0,61.0,,11.0,15.0,1784.0,1.0,552,
362,14.0,125.0,350.0,B,11.0,10.0,1784.0,Ephraim,Carpenter,,8.0,1,1781.0,113.0,77.0,4.0,11.0,17.0,1784.0,1.0,53,
363,14.0,125.0,351.0,A,11.0,10.0,1784.0,Ephraim,Carpenter,,7.0,1,1782.0,88.0,,,11.0,17.0,1784.0,1.0,LO 93.289,
364,14.0,125.0,352.0,D,11.0,10.0,1784.0,Philip,Martin,,8.0,1,1782.0,278.0,85.0,,11.0,15.0,1784.0,1.0,No 53,
365,14.0,125.0,353.0,E,11.0,10.0,1784.0,Peleg,Hull,,7.0,20,1780.0,14.0,67.0,5.0,11.0,23.0,1784.0,1.0,LO 128.369,
366,14.0,125.0,354.0,G,11.0,10.0,1784.0,Peleg,Hull,,10.0,1,1782.0,53.0,85.0,,11.0,23.0,1784.0,1.0,LO 128.369,
367,14.0,125.0,355.0,H,11.0,12.0,1784.0,Benjamin,Taylor,,1.0,31,1782.0,2.0,60.0,,11.0,15.0,1784.0,1.0,53,
368,14.0,125.0,356.0,I,11.0,12.0,1784.0,Solomon & William,Drown,,2.0,25,1780.0,1.0,49.0,1.0,9.0,9.0,1788.0,,,Second name present
369,14.0,125.0,357.0,L,11.0,12.0,1784.0,Adam,Helme,,4.0,16,1782.0,1.0,22.0,4.0,9.0,9.0,1788.0,,,
370,14.0,125.0,358.0,R,11.0,12.0,1784.0,Adam,Helme,,4.0,16,1782.0,1.0,22.0,4.0,9.0,9.0,1788.0,,,
371,14.0,125.0,359.0,N,11.0,12.0,1784.0,Samual,Sandford,,8.0,5,1780.0,20.0,18.0,6.0,12.0,15.0,1784.0,1.0,1065.185,
372,14.0,125.0,360.0,P,11.0,13.0,1784.0,Ebenez,Slocum,,3.0,7,1777.0,33.0,11.0,2.0,12.0,20.0,1784.0,1.0,LO 128.409,
373,14.0,125.0,361.0,I,11.0,13.0,1784.0,Ebenez,Slocum,,3.0,29,1777.0,21.0,37.0,2.0,12.0,20.0,1784.0,1.0,LO 92.220,
374,14.0,125.0,362.0,G,11.0,13.0,1784.0,Ebenez,Slocum,,10.0,29,1777.0,11.0,85.0,,12.0,20.0,1784.0,1.0,LO 128.409,
375,14.0,125.0,363.0,E,11.0,13.0,1784.0,Joseph,Durfee,,2.0,25,1780.0,4.0,60.0,1.0,2.0,10.0,1785.0,1.0,LO 92.248,
376,,,,,,,,,,,,,,26074.0,54.0,7.0,,,,,,
377,15.0,126.0,364.0,L,11.0,13.0,1784.0,Daniel,Boomer,,2.0,26,1780.0,5.0,19.0,7.0,2.0,10.0,1785.0,1.0,269,
378,15.0,126.0,365.0,H,11.0,16.0,1784.0,Amos,Snell,,2.0,27,1780.0,2.0,15.0,,2.0,10.0,1785.0,1.0,933,
379,15.0,126.0,366.0,L,11.0,16.0,1784.0,John,Stanfield,,5.0,7,1779.0,34.0,60.0,,1.0,24.0,1785.0,1.0,LO 110.346,
380,15.0,126.0,367.0,I,11.0,16.0,1784.0,John,Stanfield,,8.0,5,1780.0,37.0,51.0,3.0,1.0,24.0,1785.0,1.0,2060,
381,15.0,126.0,368.0,H,11.0,16.0,1784.0,John,Stanfield,,8.0,22,1782.0,7.0,25.0,5.0,1.0,24.0,1785.0,1.0,RO,
382,15.0,126.0,369.0,A,11.0,16.0,1784.0,Ebenezer,Fisher,,3.0,1,1780.0,12.0,3.0,7.0,1.0,19.0,1785.0,1.0,RO,
383,15.0,126.0,370.0,C,11.0,16.0,1784.0,Israel,Gorton,,10.0,31,1779.0,32.0,2.0,3.0,7.0,1.0,1785.0,1.0,LO 128.441,
384,15.0,126.0,371.0,N,11.0,16.0,1784.0,Thomas,Allen,,4.0,16,1782.0,1.0,22.0,4.0,3.0,1.0,1785.0,,,
385,15.0,126.0,372.0,P,11.0,16.0,1784.0,Estate of Allen Brown,,,7.0,26,1778.0,15.0,67.0,5.0,12.0,3.0,1784.0,1.0,LO 41.142,
386,15.0,126.0,373.0,R,11.0,16.0,1784.0,Constant,Saber,,5.0,1,1780.0,914.0,52.0,4.0,3.0,31.0,1785.0,1.0,LO 65.186,
387,15.0,126.0,374.0,C,11.0,16.0,1784.0,James,Wallace,,8.0,16,1781.0,1883.0,47.0,4.0,1.0,15.0,1785.0,1.0,LO 110.340,
388,15.0,126.0,375.0,B,11.0,16.0,1784.0,Jonathan,Almy,,9.0,30,1781.0,915.0,17.0,4.0,12.0,14.0,1785.0,1.0,RO,
389,15.0,126.0,376.0,A,11.0,17.0,1784.0,Ann,Tyler,,9.0,1,1780.0,2.0,77.0,1.0,11.0,21.0,1784.0,1.0,LO 236.554,
390,15.0,126.0,377.0,G,11.0,17.0,1784.0,Jonathan,Peck,,10.0,25,1779.0,3.0,52.0,,11.0,23.0,1784.0,1.0,LO 128.485,
391,15.0,126.0,378.0,E,11.0,17.0,1784.0,William,Tew,,2.0,28,1780.0,4.0,73.0,2.0,11.0,23.0,1784.0,1.0,RO,
392,15.0,126.0,379.0,D,11.0,17.0,1784.0,Timothy,Cutler,,6.0,30,1780.0,16.0,40.0,4.0,11.0,23.0,1784.0,1.0,RO,
393,15.0,126.0,380.0,N,11.0,17.0,1784.0,Josiah,Snow,,2.0,18,1780.0,3.0,29.0,4.0,11.0,23.0,1784.0,1.0,RO,
394,15.0,126.0,381.0,P,11.0,17.0,1784.0,George,Norton,,2.0,24,1780.0,7.0,73.0,1.0,11.0,23.0,1784.0,1.0,RO,
395,15.0,126.0,382.0,R,11.0,17.0,1784.0,Nath,Richmond,,4.0,22,1782.0,11.0,60.0,,11.0,23.0,1784.0,1.0,RO,
396,15.0,126.0,383.0,G,11.0,17.0,1784.0,Samuel,Johnson,,7.0,24,1780.0,80.0,,,11.0,24.0,1784.0,1.0,LO 57.164,
397,15.0,126.0,384.0,D,11.0,17.0,1784.0,Samuel,Johnson,,9.0,2,1780.0,5.0,57.0,,11.0,24.0,1784.0,1.0,LO 57.164,
398,15.0,126.0,385.0,E,11.0,17.0,1784.0,Lewis,Thomas,,4.0,16,1782.0,5.0,,,11.0,24.0,1784.0,1.0,772,
399,15.0,126.0,386.0,C,11.0,17.0,1784.0,Lewis,Thomas,,4.0,16,1782.0,5.0,,,11.0,24.0,1784.0,1.0,772,
400,15.0,126.0,387.0,B,11.0,17.0,1784.0,John,Granger,,8.0,1,1780.0,1.0,7.0,6.0,5.0,16.0,1785.0,1.0,LO 191.533,
401,15.0,126.0,388.0,A,11.0,18.0,1784.0,Allen,Ingraham,,8.0,12,1780.0,9.0,63.0,1.0,5.0,16.0,1785.0,1.0,1742,
